cpf,nome,sobrenome,email,rendaAnual
991.911.253-47,Pammie,Battista,pbattista0@nba.com,285563.0
062.413.512-04,Ase,Harty,aharty1@printfriendly.com,465409.99
926.123.495-61,Willamina,Booth,wbooth2@miibeian.gov.cn,92353.01
414.108.256-39,Sonni,St Ange,sstange3@earthlink.net,112416.02
581.993.792-62,Ring,Conneau,rconneau4@ameblo.jp,370916.47
892.322.626-48,Kip,Durber,kdurber5@wikispaces.com,282202.48
405.846.237-70,Millard,Calderonello,mcalderonello6@ox.ac.uk,185374.47
935.546.686-40,Lamond,Hatrick,lhatrick7@deviantart.com,90125.2
754.771.769-12,Minetta,Perche,mperche8@example.com,240253.49
309.403.122-53,Dorolice,Strutt,dstrutt9@hatena.ne.jp,140523.62
243.378.205-11,Laney,Aloshikin,laloshikina@reddit.com,429797.62
425.153.246-32,Mab,Bowld,mbowldb@craigslist.org,272429.39
033.694.291-18,Rebe,Tutill,rtutillc@cargocollective.com,396498.72
609.702.454-16,Pernell,Goldin,pgoldind@house.gov,187016.67
925.667.426-18,Earvin,Bellelli,ebellellie@wix.com,169123.21
231.215.148-52,Guillermo,Oherlihy,goherlihyf@cmu.edu,198357.33
421.592.015-22,Francine,Starrs,fstarrsg@latimes.com,246165.0
707.529.729-31,Franzen,Guage,fguageh@mediafire.com,282361.33
633.209.393-28,Eleonora,Middleton,emiddletoni@barnesandnoble.com,18512.39
295.250.132-49,Aleksandr,Wiltshire,awiltshirej@fastcompany.com,152160.49
133.126.280-83,Ester,Pemberton,epembertonk@washingtonpost.com,58594.1
117.842.555-31,Myrtie,Vlies,mvliesl@bbc.co.uk,148583.48
146.559.390-17,Efren,Rennenbach,erennenbachm@google.com,204346.64
262.135.609-90,Bev,Strettle,bstrettlen@tmall.com,389480.0
450.382.095-74,Vina,Luxton,vluxtono@prlog.org,380953.0
417.199.919-92,Lissi,Heskey,lheskeyp@psu.edu,350753.0
206.823.450-92,Kendra,Esler,keslerq@google.de,324085.58
493.887.978-67,Bard,Boram,bboramr@godaddy.com,78906.19
599.468.422-74,Tallulah,Rochford,trochfords@cornell.edu,409543.69
115.341.768-51,Trescha,Aynsley,taynsleyt@dailymotion.com,207318.61
609.402.188-80,Daniela,Antonomoli,dantonomoliu@tmall.com,203504.53
311.778.502-57,Samuel,O'Hear,sohearv@google.co.jp,34885.88
802.748.807-22,Bryana,Macia,bmaciaw@usatoday.com,180133.8
070.776.716-08,Hillel,Blowfelde,hblowfeldex@berkeley.edu,94231.49
526.168.273-75,Pavlov,Walak,pwalaky@liveinternet.ru,297609.08
024.151.609-09,Hersch,Carbine,hcarbinez@technorati.com,55279.88
968.323.158-39,Tomi,Oxby,toxby10@chronoengine.com,35304.22
215.091.941-13,Brunhilda,Pithcock,bpithcock11@digg.com,119871.17
932.923.851-11,Reggie,Iannelli,riannelli12@google.com,294492.62
320.548.523-70,Gabie,Hebner,ghebner13@foxnews.com,199813.73
931.875.175-17,Merwin,Bownes,mbownes14@reddit.com,264221.51
056.473.741-45,Keeley,Giordano,kgiordano15@pen.io,482953.98
013.784.214-00,Jeannine,Keeting,jkeeting16@ow.ly,132627.87
814.585.783-08,Leandra,Palfreman,lpalfreman17@marketwatch.com,108256.56
197.665.864-58,Lia,Delooze,ldelooze18@google.it,380889.1
476.908.863-51,Dollie,Matushevitz,dmatushevitz19@reverbnation.com,262335.92
133.702.686-04,Sophi,McArd,smcard1a@blogspot.com,169776.1
056.838.753-40,Rosalia,Risdall,rrisdall1b@skyrock.com,9707.66
355.736.744-53,Tracie,Boliver,tboliver1c@canalblog.com,481778.6
748.951.479-77,Joell,Ferruzzi,jferruzzi1d@chicagotribune.com,18299.57
566.058.542-84,Manolo,Coller,mcoller1e@blogs.com,319310.13
363.143.472-96,Ginnie,Lacy,glacy1f@nifty.com,440120.49
603.686.417-51,Elga,Blakeley,eblakeley1g@thetimes.co.uk,320491.72
483.534.892-96,Layla,Oneil,loneil1h@about.me,467844.24
978.478.562-96,Finn,Paye,fpaye1i@nydailynews.com,205060.39
931.580.369-59,Willetta,Ambrozik,wambrozik1j@csmonitor.com,461045.67
023.874.393-35,Noellyn,Mariner,nmariner1k@imageshack.us,52765.92
069.131.261-63,Valeria,Dunkerton,vdunkerton1l@nyu.edu,224296.63
876.516.937-63,Jordain,Farfolomeev,jfarfolomeev1m@ow.ly,269584.37
399.161.310-92,Klara,De Roberto,kderoberto1n@java.com,424376.29
155.018.139-31,Joyous,Harford,jharford1o@amazonaws.com,145387.35
098.108.989-45,Jeramie,Cromleholme,jcromleholme1p@unblog.fr,474175.12
959.029.406-67,Jaime,Pack,jpack1q@godaddy.com,329052.81
860.553.213-20,Kali,Shrigley,kshrigley1r@shutterfly.com,239089.84
823.944.056-16,Nahum,O'Meara,nomeara1s@ameblo.jp,34143.99
379.281.790-26,Nert,Rowswell,nrowswell1t@alibaba.com,128199.24
476.612.461-40,Fitzgerald,Orbell,forbell1u@networkadvertising.org,218479.37
709.864.059-02,Vail,Ferandez,vferandez1v@dell.com,257305.31
779.811.945-63,York,Philbrook,yphilbrook1w@mashable.com,149049.03
385.035.747-55,Glynda,Domleo,gdomleo1x@ebay.com,375896.87
970.447.733-30,Marge,Jeromson,mjeromson1y@addthis.com,189437.96
714.417.486-18,Dwayne,Fellona,dfellona1z@ycombinator.com,343052.21
582.304.754-30,Whitby,Dedam,wdedam20@arstechnica.com,100928.62
101.418.994-50,Frances,Mathouse,fmathouse21@reverbnation.com,79121.37
794.318.094-54,Thebault,Stedell,tstedell22@lulu.com,342110.34
247.647.733-50,Eugenius,Abade,eabade23@bravesites.com,396319.52
183.210.131-43,Hobie,Winterburn,hwinterburn24@hostgator.com,319200.8
635.635.519-93,Oralle,Dunthorn,odunthorn25@google.co.jp,190678.76
065.316.992-80,Silvain,Vautier,svautier26@google.ca,205873.3
152.348.556-79,Leopold,Abdy,labdy27@t-online.de,121256.59
929.397.778-47,Reagen,Jellico,rjellico28@sohu.com,136013.63
450.253.233-89,Homer,Rama,hrama29@feedburner.com,150161.2
338.279.934-16,Jacynth,Addionisio,jaddionisio2a@t.co,108078.79
434.734.814-65,Pembroke,McCrainor,pmccrainor2b@walmart.com,222307.09
696.150.270-18,Mirilla,Southers,msouthers2c@about.me,170733.91
815.208.404-59,Hephzibah,Blaxton,hblaxton2d@auda.org.au,271144.05
972.984.126-61,Ash,Shadrack,ashadrack2e@opera.com,483952.18
140.909.099-14,Mikey,Graeber,mgraeber2f@google.co.uk,48480.53
318.181.887-28,Pammi,Finnigan,pfinnigan2g@bloglovin.com,123315.22
099.790.221-93,Wittie,Line,wline2h@nydailynews.com,115197.48
866.454.785-03,Berkeley,Quene,bquene2i@w3.org,395926.3
881.166.442-61,Jelene,Mahady,jmahady2j@trellian.com,192121.81
235.211.626-91,Jeannie,Radnedge,jradnedge2k@mit.edu,382997.3
580.421.270-36,Dita,Elham,delham2l@ucsd.edu,233673.7
318.757.288-63,Barb,Daveley,bdaveley2m@wikia.com,213065.19
108.998.450-84,Gayla,Serjeant,gserjeant2n@bizjournals.com,156569.88
520.388.398-61,Bree,Quartly,bquartly2o@fotki.com,120733.68
588.841.040-21,Barbra,Temporal,btemporal2p@utexas.edu,208075.34
966.892.585-97,Haskell,Kegan,hkegan2q@mozilla.org,200194.98
871.570.484-30,Bart,Carrabot,bcarrabot2r@jiathis.com,238935.97
190.094.660-72,Bendicty,Scarasbrick,bscarasbrick2s@deviantart.com,140226.75
226.834.800-42,Selie,Conklin,sconklin2t@house.gov,135460.41
680.228.243-30,Zia,Grenshiels,zgrenshiels2u@fda.gov,17421.4
728.160.935-35,Reidar,Oda,roda2v@wix.com,351976.32
602.285.989-01,Janean,Lathom,jlathom2w@barnesandnoble.com,315897.78
774.952.677-69,Paton,Ellerby,pellerby2x@yahoo.com,127534.84
414.823.142-71,Sandro,Hayland,shayland2y@ustream.tv,433953.06
426.400.702-22,Horton,Bockings,hbockings2z@yolasite.com,224055.97
098.101.186-63,Iorgo,Petchell,ipetchell30@google.com.br,470449.94
155.012.800-85,Miner,Wyldes,mwyldes31@phpbb.com,293213.2
894.422.315-47,Nappy,Aidler,naidler32@devhub.com,290810.34
213.896.098-57,Di,Mallabone,dmallabone33@cmu.edu,153462.38
487.511.729-94,Leighton,Handrock,lhandrock34@comcast.net,28645.91
350.866.929-65,Hortensia,Skeete,hskeete35@weather.com,357149.18
509.321.974-03,Grant,Leming,gleming36@artisteer.com,131080.82
078.649.301-84,Cathy,Shiels,cshiels37@yahoo.co.jp,360866.09
574.566.858-99,Datha,Paddock,dpaddock38@odnoklassniki.ru,162155.71
921.637.409-34,Ula,Ascough,uascough39@macromedia.com,136478.95
874.173.705-39,Druci,Hallbird,dhallbird3a@samsung.com,396327.19
667.053.647-12,Maurizia,Danilovich,mdanilovich3b@loc.gov,181406.54
675.156.630-25,Amalee,Giovannilli,agiovannilli3c@mashable.com,255365.5
124.784.172-06,Malia,Leedes,mleedes3d@nydailynews.com,466390.94
233.946.653-27,Joyce,Rhodes,jrhodes3e@timesonline.co.uk,196205.36
402.824.480-62,Worthy,Churms,wchurms3f@google.com,276018.27
232.320.530-02,Jeanelle,Bartolomieu,jbartolomieu3g@va.gov,432492.2
517.973.070-98,Claudette,Bellamy,cbellamy3h@ehow.com,211418.2
804.817.394-47,Ingeborg,Pembridge,ipembridge3i@cdbaby.com,276372.48
709.302.449-33,Calvin,Flippini,cflippini3j@163.com,364869.55
190.868.383-40,Dorian,Wennam,dwennam3k@51.la,246356.08
522.085.951-27,Row,Lockhurst,rlockhurst3l@constantcontact.com,407779.55
943.687.831-72,Cybil,Ranvoise,cranvoise3m@jigsy.com,461785.0
598.198.295-03,Cathyleen,Speaks,cspeaks3n@mtv.com,14357.19
934.814.285-10,Abbot,Beviss,abeviss3o@fastcompany.com,30044.28
337.530.488-67,Zared,Renzullo,zrenzullo3p@weather.com,14646.89
132.177.357-80,Virgil,McKea,vmckea3q@prlog.org,315134.18
383.079.181-69,Jaymie,Egalton,jegalton3r@senate.gov,417862.74
846.671.521-78,Paul,Rigeby,prigeby3s@smh.com.au,80262.27
925.466.364-67,Crissy,Hrinchishin,chrinchishin3t@oracle.com,143186.69
029.844.341-54,Lenette,Busby,lbusby3u@ocn.ne.jp,259085.65
033.968.813-36,Paxon,Loveitt,ploveitt3v@latimes.com,359736.65
667.068.968-93,Carlee,Seeler,cseeler3w@china.com.cn,26644.5
878.797.545-47,Viva,Sturdy,vsturdy3x@usgs.gov,217336.78
423.450.055-59,Morten,Hawkes,mhawkes3y@bandcamp.com,160471.0
213.161.302-66,Conrade,Lorent,clorent3z@apache.org,321164.13
944.779.140-36,Deanne,Behn,dbehn40@woothemes.com,223110.22
870.406.909-94,Suzanne,Van der Beek,svanderbeek41@merriam-webster.com,262436.0
946.415.817-73,Hadrian,Lunn,hlunn42@netlog.com,249274.78
435.107.574-98,Charmane,Bichener,cbichener43@nhs.uk,465715.54
182.135.260-27,Bernie,Stearne,bstearne44@360.cn,96759.27
274.957.019-48,Rupert,Stubbs,rstubbs45@google.cn,417380.88
224.886.454-52,Erminie,McNair,emcnair46@ehow.com,420354.37
825.041.099-02,Pattie,Thacke,pthacke47@netlog.com,295343.6
341.742.106-85,Heriberto,McLenaghan,hmclenaghan48@blogs.com,138084.88
654.882.949-41,Mick,Hawksby,mhawksby49@mayoclinic.com,210972.76
740.399.813-29,Roger,Kilbourn,rkilbourn4a@creativecommons.org,191551.22
312.591.899-12,Wileen,Philbrook,wphilbrook4b@discovery.com,8011.21
087.734.756-52,Damara,Fosberry,dfosberry4c@alexa.com,142271.8
956.365.700-85,Pedro,Quare,pquare4d@ftc.gov,214490.2
370.476.503-47,Viki,Lukacs,vlukacs4e@tmall.com,10365.54
618.380.523-85,Vite,Loveland,vloveland4f@opera.com,475377.84
493.695.322-87,Vittorio,Curzon,vcurzon4g@free.fr,90462.4
666.979.004-41,Zorah,Bach,zbach4h@rambler.ru,45720.03
362.996.233-54,Penn,Cometti,pcometti4i@wikimedia.org,340509.23
523.323.532-61,Maurits,Kinnar,mkinnar4j@technorati.com,255000.84
931.193.237-74,Valentijn,Antony,vantony4k@usnews.com,462854.7
531.179.851-95,Alfy,Velten,avelten4l@prnewswire.com,79702.95
634.433.973-86,Lodovico,Rackam,lrackam4m@sciencedirect.com,71091.3
825.649.696-00,Normand,Shailer,nshailer4n@dagondesign.com,252987.49
097.073.003-86,Ethe,Nouch,enouch4o@e-recht24.de,359259.43
396.593.011-13,Shara,Laurenceau,slaurenceau4p@live.com,135609.15
137.130.666-80,Hieronymus,Drewery,hdrewery4q@gizmodo.com,306990.0
496.003.913-26,Gillian,Elbourn,gelbourn4r@nps.gov,69909.96
591.870.097-11,Lorens,Flaubert,lflaubert4s@csmonitor.com,174246.36
776.203.728-49,Ode,Gostage,ogostage4t@google.ca,288008.8
149.157.062-20,Zak,Cragg,zcragg4u@bizjournals.com,310451.92
975.559.712-45,Robenia,Blaydes,rblaydes4v@cbslocal.com,459794.22
575.312.276-39,Wilma,McGaughay,wmcgaughay4w@merriam-webster.com,380834.69
822.288.426-65,Elvina,Rawne,erawne4x@businesswire.com,47687.74
935.357.530-46,Nollie,Lis,nlis4y@liveinternet.ru,280048.84
345.299.812-62,Kurt,Attoe,kattoe4z@twitter.com,443989.86
537.054.150-28,Emlyn,Labusquiere,elabusquiere50@prnewswire.com,167331.13
558.207.592-45,Philippe,Herrieven,pherrieven51@meetup.com,166693.6
009.343.436-26,Rianon,Cragoe,rcragoe52@angelfire.com,440587.08
250.591.413-93,Fields,Haskett,fhaskett53@cnet.com,215722.76
547.115.788-39,Flinn,Fyers,ffyers54@walmart.com,204317.33
129.698.651-68,Odo,Bulman,obulman55@merriam-webster.com,368256.34
080.668.946-72,Rand,Gutridge,rgutridge56@soup.io,264044.03
918.842.971-26,Christie,Forsyth,cforsyth57@joomla.org,187172.24
853.743.930-98,Dorita,Lipman,dlipman58@engadget.com,95192.4
177.838.788-92,Helsa,Marjoram,hmarjoram59@cdc.gov,308889.3
340.067.512-18,Jude,I'anson,jianson5a@opensource.org,78641.2
189.361.051-47,Ruy,Basten,rbasten5b@home.pl,238184.28
609.264.384-84,Sibby,Lacase,slacase5c@fda.gov,374504.5
637.963.635-88,Carmen,Lyston,clyston5d@gizmodo.com,229351.8
534.804.107-49,Randall,Swaton,rswaton5e@topsy.com,407423.18
195.024.931-27,Baily,Donohoe,bdonohoe5f@statcounter.com,323021.92
350.322.505-87,Viv,Portman,vportman5g@netscape.com,392370.19
366.443.550-70,Gordy,Harbord,gharbord5h@china.com.cn,91823.08
599.461.559-40,Gustav,Garred,ggarred5i@phoca.cz,107418.04
854.936.403-79,Ike,Soares,isoares5j@vkontakte.ru,63021.21
078.683.937-63,Lexy,Sacase,lsacase5k@cnbc.com,196977.32
519.835.899-92,Celestine,Bonnor,cbonnor5l@ustream.tv,432700.9
371.467.048-01,Marlene,Mussalli,mmussalli5m@apache.org,232514.26
471.875.918-37,Dulcine,Pendrigh,dpendrigh5n@blogtalkradio.com,441753.39
053.902.818-57,Quinn,Clabburn,qclabburn5o@shutterfly.com,324232.14
581.831.471-99,Didi,Chastelain,dchastelain5p@howstuffworks.com,115839.08
510.512.430-80,Ronda,Littefair,rlittefair5q@gnu.org,253135.71
338.120.166-77,Theodosia,Lepere,tlepere5r@github.com,416910.03
171.985.462-81,Orlan,Camus,ocamus5s@woothemes.com,405899.93
730.009.650-28,Alejandra,Cherryman,acherryman5t@arizona.edu,257426.24
169.524.532-04,Gaelan,Rivers,grivers5u@ovh.net,312382.95
198.557.175-64,Aleda,Graveson,agraveson5v@e-recht24.de,76514.53
403.859.213-95,Sophia,Casaletto,scasaletto5w@ning.com,356333.11
733.804.256-11,Gaby,Zelland,gzelland5x@cyberchimps.com,487090.92
249.787.852-33,Ryan,Brookwell,rbrookwell5y@soup.io,182193.05
994.712.679-30,Christos,Flower,cflower5z@bloglovin.com,19004.84
427.175.568-23,Trumann,Esslement,tesslement60@mashable.com,262088.15
584.557.577-91,Cory,Schimonek,cschimonek61@myspace.com,381161.65
919.734.256-36,Rhiamon,Antognetti,rantognetti62@studiopress.com,428758.68
773.557.184-51,Sinclare,Chitson,schitson63@sogou.com,116847.59
626.679.284-48,Lucie,Pippin,lpippin64@oaic.gov.au,355547.49
892.746.480-95,Judon,Micheu,jmicheu65@prnewswire.com,375181.05
593.145.548-52,Yolane,Kenningham,ykenningham66@dailymail.co.uk,214086.77
124.181.694-38,Casper,Parkyn,cparkyn67@marketwatch.com,457848.42
117.018.226-60,Phip,Ezzle,pezzle68@nifty.com,427559.78
969.849.576-54,Nelie,Ridde,nridde69@dagondesign.com,7532.76
722.189.784-37,Camey,Taffee,ctaffee6a@ihg.com,361776.41
211.334.141-65,Shell,McDonell,smcdonell6b@wikipedia.org,450660.12
966.572.322-45,Teri,Dotterill,tdotterill6c@washingtonpost.com,442056.64
686.760.809-38,Chevy,Andrin,candrin6d@fda.gov,203825.98
957.509.740-35,Izak,Sayton,isayton6e@marketwatch.com,448150.89
008.089.909-77,Dan,Gunning,dgunning6f@redcross.org,105750.92
269.659.223-21,Bendite,Dorwood,bdorwood6g@meetup.com,139598.61
094.856.505-16,Elisabetta,Sivell,esivell6h@wsj.com,97307.2
632.255.317-05,Feliks,Gladhill,fgladhill6i@cargocollective.com,357908.54
991.198.299-45,Kathleen,Hufton,khufton6j@ask.com,199067.49
862.092.782-36,Harriott,Matveichev,hmatveichev6k@bbb.org,104363.64
747.879.916-56,Taddeusz,Whiteoak,twhiteoak6l@google.pl,325689.23
163.400.593-50,Rosamund,Kinnin,rkinnin6m@qq.com,317898.61
886.330.776-41,Zena,Rentenbeck,zrentenbeck6n@4shared.com,454239.47
433.347.154-91,Mendy,Arunowicz,marunowicz6o@oaic.gov.au,154479.84
051.894.786-86,Normand,Hill,nhill6p@free.fr,126883.61
694.876.678-23,Trudie,Traher,ttraher6q@mail.ru,383703.35
641.559.468-71,Woodman,Foakes,wfoakes6r@digg.com,465302.37
496.079.735-72,Maddie,Mcasparan,mmcasparan6s@ox.ac.uk,260564.58
484.361.324-20,Cinderella,Trengrove,ctrengrove6t@youtu.be,347846.6
396.476.279-81,Loleta,Stenett,lstenett6u@marriott.com,242154.64
628.595.324-08,Royce,Hamson,rhamson6v@elegantthemes.com,337429.5
307.129.687-46,Byrle,Nozzolii,bnozzolii6w@kickstarter.com,5589.66
952.403.908-29,Eleonora,Eaves,eeaves6x@unesco.org,25276.05
640.844.008-56,Anderson,Kunkler,akunkler6y@desdev.cn,197209.0
057.753.054-11,Allie,Curle,acurle6z@com.com,371108.26
046.317.546-49,D'arcy,Rottenbury,drottenbury70@twitter.com,458979.09
866.615.477-36,Verney,Bewshea,vbewshea71@samsung.com,371000.4
125.230.450-53,Carri,Curley,ccurley72@apple.com,271479.08
264.935.630-62,Peggie,Bouller,pbouller73@slashdot.org,183826.77
175.810.996-32,Vidovic,Robbert,vrobbert74@baidu.com,38473.96
364.303.354-34,Cassandry,Hancox,chancox75@discovery.com,20036.6
346.330.058-01,Teresa,Walder,twalder76@edublogs.org,301317.98
903.933.800-81,Gaynor,Ambrose,gambrose77@mtv.com,347472.59
625.842.586-72,Garvy,Wickett,gwickett78@wired.com,301485.53
298.058.972-96,Flo,Wartnaby,fwartnaby79@nifty.com,91031.63
155.911.962-24,Amberly,Raithby,araithby7a@acquirethisname.com,302271.25
900.834.187-05,Kristopher,Kimblin,kkimblin7b@ca.gov,433156.7
091.107.943-26,Kirsteni,Bantick,kbantick7c@fema.gov,192665.32
669.379.042-84,Sabra,Anwell,sanwell7d@adobe.com,419033.51
022.042.135-37,Kaylee,Raiman,kraiman7e@twitpic.com,389775.28
844.963.041-18,Clarabelle,Iddenden,ciddenden7f@hud.gov,469562.95
062.112.189-56,Doris,Yarnton,dyarnton7g@weather.com,318753.06
223.738.431-97,Benedikta,Orgill,borgill7h@vistaprint.com,378602.01
380.191.300-65,Malcolm,Harris,mharris7i@ustream.tv,125190.9
766.746.847-87,Sammie,Pledger,spledger7j@wufoo.com,234122.17
371.050.401-58,Jesus,Thomann,jthomann7k@diigo.com,204612.71
316.005.431-22,Devinne,Aloshikin,daloshikin7l@nps.gov,29545.71
541.815.447-60,Launce,Shew,lshew7m@topsy.com,235838.52
720.660.579-36,Audrie,Leborgne,aleborgne7n@fotki.com,365169.75
183.195.986-26,Jaymee,Roark,jroark7o@g.co,376200.62
562.567.782-01,Celestina,Duffet,cduffet7p@japanpost.jp,217302.5
304.127.967-24,Dyane,Champkin,dchampkin7q@mlb.com,465056.0
495.471.986-89,Felicia,Hearfield,fhearfield7r@bing.com,151189.43
521.505.499-89,Tansy,Wheatman,twheatman7s@hatena.ne.jp,465011.0
198.532.693-10,Arnaldo,Wickie,awickie7t@mayoclinic.com,323870.59
353.799.064-99,Ardelia,Sutworth,asutworth7u@e-recht24.de,415085.0
596.398.637-70,Jena,Maith,jmaith7v@studiopress.com,3468.88
680.243.164-69,Shaina,Ledford,sledford7w@jalbum.net,187413.96
912.313.339-35,Lina,Lugard,llugard7x@instagram.com,288843.54
692.223.495-91,Craig,Texton,ctexton7y@wsj.com,388432.49
614.513.188-82,Willie,Duffan,wduffan7z@ebay.co.uk,173575.85
732.478.570-73,Flinn,Mc Gorley,fmcgorley80@ow.ly,67738.61
327.005.650-49,Deidre,Emmines,demmines81@sourceforge.net,330518.45
128.877.538-38,Sunny,Klasing,sklasing82@g.co,497285.39
275.444.648-01,Aldin,Matashkin,amatashkin83@issuu.com,313970.86
958.122.456-39,Marya,Doogue,mdoogue84@feedburner.com,371343.54
939.177.810-60,Bevan,Tansill,btansill85@ocn.ne.jp,291595.3
713.558.821-61,Tess,Humerstone,thumerstone86@example.com,262509.43
635.950.251-91,Kevin,Battye,kbattye87@fc2.com,302431.04
200.069.183-76,Ham,Brook,hbrook88@multiply.com,273795.68
929.242.500-28,Avrit,Brickner,abrickner89@un.org,217917.77
847.041.384-22,Rudie,Sealeaf,rsealeaf8a@surveymonkey.com,116188.15
299.005.031-13,Elsworth,Metrick,emetrick8b@google.ru,214904.21
945.313.016-65,Kathe,Millyard,kmillyard8c@about.com,152704.6
610.416.574-02,Dorie,Corzor,dcorzor8d@house.gov,166186.38
010.784.958-75,Isacco,Aves,iaves8e@imdb.com,445342.91
021.370.439-53,Coletta,Haydock,chaydock8f@delicious.com,349236.65
218.466.426-82,Giustino,Stait,gstait8g@reverbnation.com,212472.64
262.110.721-50,Carrol,Whistlecraft,cwhistlecraft8h@unicef.org,382172.49
662.069.048-31,Madison,Lithgow,mlithgow8i@huffingtonpost.com,157939.4
284.188.192-93,Lamar,Rumsey,lrumsey8j@uiuc.edu,373325.72
742.504.768-76,Shaughn,Milksop,smilksop8k@archive.org,389579.56
546.689.590-57,Chelsey,Elstow,celstow8l@edublogs.org,330020.9
434.538.847-05,Friedrick,Worman,fworman8m@prweb.com,435273.4
089.793.676-73,Jennette,Hargreave,jhargreave8n@stumbleupon.com,306379.0
586.850.652-74,Rafaelia,Christol,rchristol8o@oakley.com,165950.75
863.176.640-82,Aylmar,La Torre,alatorre8p@mtv.com,421796.91
032.469.185-48,Archer,Eannetta,aeannetta8q@answers.com,276645.34
991.660.545-99,Roselin,Matthensen,rmatthensen8r@privacy.gov.au,236123.16
487.306.587-70,Jay,Joost,jjoost8s@google.com.br,462577.17
837.038.674-41,Dorine,Arne,darne8t@washingtonpost.com,344078.69
053.750.882-58,Ethel,Swann,eswann8u@github.com,296997.83
647.049.902-65,Myra,Strase,mstrase8v@surveymonkey.com,435471.17
397.664.149-27,Shellie,Wheble,swheble8w@godaddy.com,253026.6
002.342.845-67,Alice,Gilogly,agilogly8x@businesswire.com,339997.89
630.459.020-58,Carny,Peye,cpeye8y@imdb.com,385425.26
278.007.770-87,Mandy,Bennis,mbennis8z@columbia.edu,319801.66
871.812.397-42,Jessika,Picken,jpicken90@google.es,372001.75
345.759.432-23,Addy,Height,aheight91@mayoclinic.com,399452.0
705.313.914-04,Devlin,Pietrzak,dpietrzak92@hud.gov,294470.88
277.667.938-55,Allyn,Mourbey,amourbey93@msu.edu,364141.09
031.209.477-43,Keane,Bruin,kbruin94@taobao.com,60011.34
564.251.317-22,Julius,Wilder,jwilder95@usatoday.com,307471.39
192.647.583-13,Davida,Gratton,dgratton96@globo.com,456940.52
494.340.650-57,Shirline,Bowman,sbowman97@microsoft.com,181594.05
781.583.474-41,Emlen,Branno,ebranno98@biblegateway.com,240638.57
234.760.106-21,Marcia,Scone,mscone99@barnesandnoble.com,184552.4
159.920.915-28,Esra,Hundley,ehundley9a@nba.com,451875.88
287.584.958-93,Pamelina,Carbert,pcarbert9b@angelfire.com,313248.36
590.095.999-87,Leupold,Grayson,lgrayson9c@vinaora.com,237268.5
099.620.924-77,Wayne,Broodes,wbroodes9d@discovery.com,200926.6
088.151.808-81,Donnell,Godier,dgodier9e@rakuten.co.jp,282133.02
121.721.324-44,Dorise,Rickson,drickson9f@bizjournals.com,350290.25
956.855.559-75,Leanora,Darcey,ldarcey9g@elpais.com,179363.79
919.612.450-16,Phebe,Faughnan,pfaughnan9h@nifty.com,475300.45
125.768.706-17,Boigie,Dakin,bdakin9i@uol.com.br,6015.55
084.851.679-81,Giuditta,Hardes,ghardes9j@java.com,402198.69
870.413.745-08,Bank,Renn,brenn9k@amazon.de,464901.7
437.608.398-09,Otho,Revel,orevel9l@npr.org,345685.77
049.897.244-41,Glynn,Romeuf,gromeuf9m@jimdo.com,401379.61
963.841.414-34,Mikey,Hitschke,mhitschke9n@intel.com,143359.99
096.139.007-23,Hazlett,Sharville,hsharville9o@ca.gov,6555.8
572.554.104-68,Reine,Astle,rastle9p@linkedin.com,255534.72
238.918.468-71,Carissa,Pharo,cpharo9q@dailymail.co.uk,139351.06
105.661.913-17,Vita,Gibbe,vgibbe9r@networkadvertising.org,184849.53
601.331.453-28,Blair,Tomlin,btomlin9s@theatlantic.com,450390.65
062.050.179-77,Crystie,Stallybrass,cstallybrass9t@uol.com.br,389356.47
218.655.405-93,Stefa,Ridgewell,sridgewell9u@devhub.com,4053.03
012.418.738-58,Jodie,Bawdon,jbawdon9v@xing.com,101045.05
123.792.105-36,Michaelina,Haquard,mhaquard9w@github.io,31657.83
261.157.066-26,Terrence,Sanbrooke,tsanbrooke9x@icio.us,32895.86
545.258.288-97,Deirdre,Najafian,dnajafian9y@scientificamerican.com,315003.24
797.398.369-62,Bryan,Matussov,bmatussov9z@tinypic.com,97980.41
683.559.964-82,Cassondra,Chattell,cchattella0@chicagotribune.com,152537.31
474.701.200-81,Ker,Gentry,kgentrya1@so-net.ne.jp,483871.0
194.334.749-59,Collen,Baude,cbaudea2@mapquest.com,39320.0
697.989.240-91,Hamnet,Grimble,hgrimblea3@howstuffworks.com,240907.42
798.554.480-93,Erl,Laguerre,elaguerrea4@upenn.edu,237297.37
717.813.116-22,Ilise,Gaskoin,igaskoina5@twitter.com,259685.7
656.494.028-17,Rosemonde,Sparrowhawk,rsparrowhawka6@godaddy.com,21763.14
920.995.300-57,Alika,Jantel,ajantela7@github.io,19935.07
332.609.113-64,Reid,Dobrowolny,rdobrowolnya8@chron.com,331989.51
598.886.681-16,Gran,Bossom,gbossoma9@wisc.edu,33845.18
172.160.297-24,Jo-ann,Fattorini,jfattoriniaa@paginegialle.it,166396.53
352.292.741-56,Ardenia,Plail,aplailab@scientificamerican.com,314389.83
496.190.288-78,Donnell,Bottinelli,dbottinelliac@wikimedia.org,158669.37
551.822.305-90,Washington,Loynton,wloyntonad@digg.com,25566.69
164.658.456-52,Birgitta,Lafay,blafayae@indiegogo.com,328014.05
032.963.088-19,Margarita,Rawe,mraweaf@ucoz.ru,275711.44
952.565.544-38,Sheridan,Cairns,scairnsag@theglobeandmail.com,276431.47
957.998.243-28,Artair,Coulthard,acoulthardah@twitter.com,393363.56
823.489.897-84,Terrel,Grinvalds,tgrinvaldsai@si.edu,200272.29
193.469.126-55,Donella,Paliser,dpaliseraj@moonfruit.com,147117.77
409.342.710-92,Bessy,Charlin,bcharlinak@ning.com,497407.24
466.045.513-14,Brock,Iredale,biredaleal@arizona.edu,226583.6
456.746.015-72,Amandi,Trimble,atrimbleam@wunderground.com,40569.43
550.581.782-02,Janean,Nunson,jnunsonan@icio.us,105146.26
859.572.371-37,Ilsa,Cleverly,icleverlyao@techcrunch.com,55337.43
876.304.267-77,Brandea,Culpen,bculpenap@e-recht24.de,63620.76
646.938.977-55,Justus,Arondel,jarondelaq@deviantart.com,85454.32
384.254.386-57,Remington,Baison,rbaisonar@ameblo.jp,205727.11
281.312.323-11,Alysa,Poulsom,apoulsomas@storify.com,238028.87
634.730.985-11,Colby,Crann,ccrannat@nature.com,55673.69
852.293.689-44,Hazlett,Smitton,hsmittonau@theatlantic.com,425190.64
639.132.698-70,Clyde,Blankhorn,cblankhornav@mozilla.org,427847.0
957.480.696-84,Auria,Sprasen,asprasenaw@earthlink.net,442717.39
296.533.543-51,Emery,Lethley,elethleyax@huffingtonpost.com,338641.36
516.555.204-02,Claybourne,Langelay,clangelayay@ocn.ne.jp,118667.48
243.208.730-05,Mort,Bickley,mbickleyaz@ca.gov,101803.8
599.936.183-57,Katee,Varren,kvarrenb0@go.com,67822.42
107.216.632-84,Lynnell,Jordison,ljordisonb1@slashdot.org,123267.95
137.433.333-76,Zarah,Laban,zlabanb2@amazon.co.uk,434052.48
247.706.875-16,Benoite,Swendell,bswendellb3@elegantthemes.com,467648.34
986.529.031-92,Raimund,Bindin,rbindinb4@over-blog.com,484274.46
446.449.989-28,Amelina,Cracker,acrackerb5@google.com,194653.79
662.723.586-53,Eileen,Britland,ebritlandb6@sfgate.com,444943.24
486.037.205-03,Hanni,Snowden,hsnowdenb7@newsvine.com,336346.24
976.028.345-67,Jayme,Berre,jberreb8@wsj.com,8068.26
161.157.074-19,Suki,Squibbes,ssquibbesb9@bbb.org,95122.3
584.921.180-44,Herman,Kermath,hkermathba@berkeley.edu,461139.44
252.029.800-00,Hadleigh,Joselovitch,hjoselovitchbb@bbb.org,236410.26
100.278.505-29,Carolyn,Berard,cberardbc@goodreads.com,461189.43
932.933.817-64,Thorn,Hairsnape,thairsnapebd@icio.us,53631.7
517.125.724-44,Abbe,Olyunin,aolyuninbe@state.gov,382843.42
949.496.999-71,Austin,Reddihough,areddihoughbf@answers.com,492447.3
933.222.463-41,Herb,Dutch,hdutchbg@washingtonpost.com,366935.61
718.673.240-98,Brietta,Goodridge,bgoodridgebh@samsung.com,411181.56
577.001.207-17,Nickolaus,Carthew,ncarthewbi@ibm.com,79527.6
878.384.557-96,Hieronymus,Boulds,hbouldsbj@odnoklassniki.ru,254280.69
525.915.279-41,Uri,Abramson,uabramsonbk@google.com.hk,110541.71
538.328.305-70,Gran,Aird,gairdbl@ca.gov,79755.4
567.121.239-89,Jourdain,Walton,jwaltonbm@globo.com,137028.31
820.678.362-89,Knox,Reinhart,kreinhartbn@gov.uk,199233.45
176.259.384-08,Peyter,Aisthorpe,paisthorpebo@furl.net,477307.0
085.992.960-59,Kathlin,Goddman,kgoddmanbp@hatena.ne.jp,450814.49
333.341.506-95,Dulce,Graalmans,dgraalmansbq@google.nl,249135.44
298.385.828-59,Oliviero,Brokenshaw,obrokenshawbr@google.pl,248408.18
026.285.060-20,Shirlee,Innett,sinnettbs@gravatar.com,240139.36
915.758.266-41,Orion,Miller,omillerbt@toplist.cz,420002.35
433.086.364-66,Guy,Lancastle,glancastlebu@cnn.com,229635.19
984.339.847-42,Bethena,Keay,bkeaybv@ocn.ne.jp,421222.13
834.297.831-65,Justin,Rosedale,jrosedalebw@csmonitor.com,266444.06
208.713.718-20,Heidie,Paladini,hpaladinibx@nsw.gov.au,278587.56
886.881.933-22,Mariska,Saffle,msaffleby@timesonline.co.uk,155531.98
242.431.223-07,Shelbi,McKevany,smckevanybz@rakuten.co.jp,417804.4
621.663.699-06,Celestyna,Hempshall,chempshallc0@studiopress.com,123981.21
738.871.445-37,Adella,Bamfield,abamfieldc1@thetimes.co.uk,106528.93
389.588.410-89,Gerladina,Van der Beek,gvanderbeekc2@wordpress.org,305213.48
743.104.504-34,Robert,Boar,rboarc3@vinaora.com,407844.95
412.246.272-01,Marna,Lochrie,mlochriec4@imageshack.us,269830.09
559.038.538-52,Tomi,Nazair,tnazairc5@chronoengine.com,419079.94
345.328.746-09,Barris,Revey,breveyc6@lulu.com,404336.76
217.967.306-51,Darwin,Stump,dstumpc7@va.gov,226685.54
735.121.746-14,Jamal,Macbane,jmacbanec8@altervista.org,210854.96
174.821.506-56,Delaney,Pratten,dprattenc9@gnu.org,251750.63
764.240.508-58,Jodie,Edgar,jedgarca@nymag.com,14504.9
204.834.559-83,Robenia,Berardt,rberardtcb@cisco.com,479587.94
738.642.404-61,Stephen,Tebb,stebbcc@yellowbook.com,69402.72
818.167.354-32,Collie,Grollmann,cgrollmanncd@studiopress.com,161248.8
045.132.969-10,Guinna,Hancke,ghanckece@cafepress.com,299566.31
773.998.742-20,Faina,Seppey,fseppeycf@is.gd,146837.02
397.167.188-85,Karolina,Matyas,kmatyascg@sitemeter.com,104339.59
347.142.105-85,Gretchen,Shakesby,gshakesbych@goo.ne.jp,270614.79
491.051.421-64,Meredithe,Cail,mcailci@umn.edu,37342.33
717.384.810-02,Carlen,Trye,ctryecj@123-reg.co.uk,303955.05
963.708.905-52,Robenia,Lithgow,rlithgowck@usda.gov,426450.24
927.341.252-67,Brodie,Berth,bberthcl@seattletimes.com,34032.69
855.177.429-02,Dion,Gratrex,dgratrexcm@eventbrite.com,476282.0
908.382.413-65,Fey,Hupe,fhupecn@ca.gov,456421.38
466.680.377-13,Kiele,Bish,kbishco@blogtalkradio.com,176513.74
414.130.703-30,Billie,Mulmuray,bmulmuraycp@icio.us,24626.73
433.245.099-79,Tedie,Jodrelle,tjodrellecq@ehow.com,344845.28
442.624.806-92,Osborne,Castellet,ocastelletcr@miitbeian.gov.cn,205927.91
414.357.740-05,Phineas,Clutram,pclutramcs@qq.com,302386.74
826.738.647-74,Rudie,McQuie,rmcquiect@goodreads.com,151405.4
197.175.312-48,Valerye,Chominski,vchominskicu@cloudflare.com,56654.93
927.992.332-71,Norton,Tubritt,ntubrittcv@accuweather.com,286770.98
735.295.516-97,Ursula,Clutterbuck,uclutterbuckcw@springer.com,453570.7
528.030.391-49,Madeleine,Doerrling,mdoerrlingcx@squidoo.com,381729.47
134.463.481-74,Verina,Brain,vbraincy@wikia.com,316006.71
910.904.942-86,Demetris,Nunns,dnunnscz@go.com,133980.34
247.794.086-16,Donna,Petrashov,dpetrashovd0@pbs.org,11724.13
960.993.279-33,Bebe,Whales,bwhalesd1@accuweather.com,86342.2
779.177.470-14,Tommie,Pattingson,tpattingsond2@walmart.com,100954.98
045.088.353-92,Homerus,Gino,hginod3@ycombinator.com,166330.22
860.856.027-93,Carce,Burle,cburled4@diigo.com,142889.57
839.553.733-81,Maribeth,Cadney,mcadneyd5@guardian.co.uk,279018.87
388.146.683-36,Maggee,Bridgeland,mbridgelandd6@pinterest.com,72491.08
595.755.628-87,Ellsworth,Toquet,etoquetd7@tripadvisor.com,164069.77
531.703.490-40,Harmon,Pettit,hpettitd8@biblegateway.com,458986.81
445.476.577-47,Corie,Surtees,csurteesd9@is.gd,98737.46
414.146.243-23,Britt,Aldren,baldrenda@merriam-webster.com,101900.58
123.944.312-88,Felike,Meynell,fmeynelldb@feedburner.com,316168.0
288.999.292-38,Vannie,Pomfrett,vpomfrettdc@omniture.com,52170.44
118.021.272-22,Rozalie,Miko,rmikodd@dot.gov,210751.16
967.583.228-56,Marcos,Nellen,mnellende@buzzfeed.com,66351.5
056.787.091-43,Marcel,Attenburrow,mattenburrowdf@nasa.gov,98423.15
990.968.917-44,Steffie,MacParlan,smacparlandg@icq.com,200724.09
580.664.616-77,Kylynn,Rake,krakedh@microsoft.com,143758.85
701.785.240-87,Hildy,Faithfull,hfaithfulldi@canalblog.com,86685.2
955.584.147-81,Morgan,Hollyard,mhollyarddj@php.net,429315.91
699.207.823-45,Edi,Robinette,erobinettedk@xinhuanet.com,293669.99
168.839.837-95,Jobyna,Lyfield,jlyfielddl@aol.com,195325.05
011.750.976-60,Ryan,Muress,rmuressdm@sourceforge.net,66157.79
163.496.749-51,Benny,Caldwell,bcaldwelldn@istockphoto.com,12210.31
233.295.541-83,Odie,Manoch,omanochdo@va.gov,244414.75
987.233.822-17,Tina,Bleackley,tbleackleydp@upenn.edu,425254.63
514.369.247-68,Alecia,Bolland,abollanddq@mashable.com,162669.28
112.893.525-70,Carrissa,Feldharker,cfeldharkerdr@ucla.edu,222971.05
069.149.963-73,Ginger,Giacubo,ggiacubods@arizona.edu,289162.0
451.280.986-58,Ebenezer,Stud,estuddt@samsung.com,300237.24
822.849.753-48,Gussi,Raunds,graundsdu@intel.com,84076.62
403.729.448-91,Jed,Hulcoop,jhulcoopdv@artisteer.com,127241.12
323.729.473-53,Lyssa,Agnolo,lagnolodw@cisco.com,322111.1
518.140.407-81,Ike,Bonett,ibonettdx@hostgator.com,177426.04
858.385.344-02,Sauveur,Rainbird,srainbirddy@mtv.com,203278.24
123.876.570-66,Farra,Simoneton,fsimonetondz@nymag.com,342837.0
600.213.185-06,Marjie,Wethered,mwetherede0@bbb.org,13121.72
032.477.632-79,Cory,Reddel,creddele1@sciencedaily.com,193729.13
071.661.842-85,Perren,Willshear,pwillsheare2@hud.gov,414217.37
690.139.220-55,Rafaela,Pearcy,rpearcye3@redcross.org,416527.7
323.444.711-87,Gaston,Portigall,gportigalle4@chronoengine.com,416155.2
227.791.019-17,Desmond,Chittem,dchitteme5@narod.ru,64886.53
266.641.272-87,Frannie,Sambrok,fsambroke6@hostgator.com,287144.27
766.923.897-91,Olive,Donnellan,odonnellane7@studiopress.com,219716.5
280.761.027-61,Clifford,Oldale,coldalee8@youtu.be,498427.93
983.948.625-12,Alexina,Acey,aaceye9@amazon.com,198167.82
683.201.329-59,Erena,Bertelsen,ebertelsenea@twitpic.com,26703.85
070.231.202-28,Cassaundra,Bumpus,cbumpuseb@xrea.com,123979.29
330.501.087-97,Lauren,Hullin,lhullinec@sakura.ne.jp,142550.98
186.342.081-99,Eirena,Ludgate,eludgateed@paginegialle.it,493192.28
750.157.795-58,Eartha,Chidley,echidleyee@mayoclinic.com,6968.26
540.935.305-52,Em,Djordjevic,edjordjevicef@dyndns.org,151016.0
139.155.016-51,Zora,Sher,zshereg@prweb.com,148599.1
993.201.416-29,Durante,Antoniou,dantonioueh@free.fr,68659.17
048.955.991-70,Clarabelle,Bransgrove,cbransgroveei@angelfire.com,351606.27
046.982.348-86,Bartel,Barthorpe,bbarthorpeej@lycos.com,19672.79
717.614.059-03,Starlin,Waterstone,swaterstoneek@ifeng.com,62120.34
631.091.229-78,Hillary,Fellows,hfellowsel@phpbb.com,301799.3
678.966.308-05,Linzy,Hodjetts,lhodjettsem@quantcast.com,482966.11
684.723.830-30,Zachery,Allbon,zallbonen@cbc.ca,445947.39
859.128.637-73,Caitlin,Gynni,cgynnieo@w3.org,115926.84
460.314.878-91,Gale,Gouch,ggouchep@lycos.com,358354.85
881.120.174-84,Woodrow,Legendre,wlegendreeq@chron.com,133243.68
641.256.748-14,Melissa,Baythorp,mbaythorper@un.org,242645.51
928.482.530-83,Laurie,Ivanchin,livanchines@slashdot.org,343974.15
346.937.879-39,Mariana,Awcock,mawcocket@icq.com,408436.38
148.079.051-04,Lonee,Aspey,laspeyeu@trellian.com,485270.5
593.658.809-24,Norean,Grzelczak,ngrzelczakev@usnews.com,219223.45
901.808.675-97,Jeffrey,Herity,jherityew@blogger.com,322508.09
925.667.426-18,Earvin,Bellelli,ebellellie@wix.com,169123.21
231.215.148-52,Guillermo,Oherlihy,goherlihyf@cmu.edu,198357.33
421.592.015-22,Francine,Starrs,fstarrsg@latimes.com,246165.0
715.993.022-77,Daryl,Bernath,dbernathex@unc.edu,189960.11
210.891.423-29,Jarred,O' Byrne,jobyrneey@timesonline.co.uk,346483.55
033.217.025-65,Bard,Vanyukhin,bvanyukhinez@facebook.com,457393.72
184.367.289-41,Roddie,Muzzullo,rmuzzullof0@slate.com,418044.7
435.045.283-17,Cosetta,Vowles,cvowlesf1@pcworld.com,219217.09
380.405.010-93,Leigh,Buckston,lbuckstonf2@mozilla.org,284799.51
724.118.249-75,Dani,Sims,dsimsf3@theguardian.com,335360.63
796.828.987-46,Genni,Leggs,gleggsf4@stumbleupon.com,82832.85
270.828.199-87,Gina,Wainman,gwainmanf5@columbia.edu,254632.91
263.053.702-87,Emmott,Duiguid,eduiguidf6@feedburner.com,202403.86
053.680.547-51,Mehetabel,Reedshaw,mreedshawf7@fastcompany.com,427875.28
505.857.538-25,Bernetta,Grundwater,bgrundwaterf8@usnews.com,178870.94
594.922.732-09,Glynnis,Gosenell,ggosenellf9@sun.com,499246.89
855.769.455-86,Wallis,Connah,wconnahfa@bing.com,383892.94
076.031.582-03,Maitilde,Whardley,mwhardleyfb@dion.ne.jp,178541.4
014.385.599-18,Pierre,Shillum,pshillumfc@chicagotribune.com,488960.44
329.533.445-12,Gusella,Myerscough,gmyerscoughfd@blogger.com,279210.87
494.701.147-61,Kerrie,Farrow,kfarrowfe@artisteer.com,101373.46
017.823.685-97,Madonna,Longfield,mlongfieldff@wikimedia.org,308798.48
812.920.064-77,Tami,Padly,tpadlyfg@desdev.cn,147027.27
243.869.639-62,Felipa,Hallford,fhallfordfh@bravesites.com,264755.22
912.228.602-03,Carmel,Fardoe,cfardoefi@statcounter.com,341882.17
200.764.320-79,Nicoline,Kennham,nkennhamfj@businesswire.com,99415.42
743.003.607-94,Nico,Churchouse,nchurchousefk@paginegialle.it,409629.51
776.032.949-93,Reade,Fransman,rfransmanfl@reverbnation.com,173383.98
698.694.396-94,Claresta,Pollicott,cpollicottfm@domainmarket.com,211996.0
784.941.323-88,Shurlock,Slopier,sslopierfn@bloglovin.com,251854.4
844.138.596-44,Kailey,Sambell,ksambellfo@liveinternet.ru,319871.93
670.729.706-62,Reeta,Pideon,rpideonfp@eventbrite.com,310018.2
150.349.119-83,Saunderson,Mallison,smallisonfq@amazonaws.com,27261.57
846.776.680-82,Antonie,Guilloud,aguilloudfr@youku.com,41733.39
621.333.356-99,Laural,Ambler,lamblerfs@patch.com,305556.57
732.547.628-77,Vera,Maber,vmaberft@forbes.com,119982.72
160.568.295-80,Beauregard,Di Maggio,bdimaggiofu@time.com,155041.41
281.233.624-45,Ricki,Taffarello,rtaffarellofv@utexas.edu,31214.02
581.523.904-34,Cassandra,Chatters,cchattersfw@sitemeter.com,102428.19
226.547.710-97,Eduardo,Durram,edurramfx@china.com.cn,429227.49
097.208.323-99,Elaine,Webster,ewebsterfy@tinypic.com,174120.78
348.499.727-64,Maxy,Crichmer,mcrichmerfz@google.ca,455512.32
555.373.664-05,Benson,Parvin,bparving0@newsvine.com,331496.72
678.422.068-87,Batsheva,Milazzo,bmilazzog1@slate.com,180036.93
634.178.124-47,Nicol,Ratnage,nratnageg2@feedburner.com,42463.33
059.273.543-38,Tallou,Tonepohl,ttonepohlg3@oakley.com,462716.0
334.460.612-37,Chadwick,Papaminas,cpapaminasg4@ifeng.com,255472.53
169.032.588-47,Ase,Tupper,atupperg5@engadget.com,329936.43
907.624.482-79,Tarah,Ezzell,tezzellg6@facebook.com,40222.37
815.178.538-79,Trista,Denkel,tdenkelg7@multiply.com,425825.45
645.883.377-21,Ileane,Van der Hoeven,ivanderhoeveng8@symantec.com,414913.57
091.387.285-24,Everard,Farrance,efarranceg9@odnoklassniki.ru,187962.47
121.236.767-98,Dana,Peplay,dpeplayga@aol.com,282601.55
477.961.700-74,Rose,Hickisson,rhickissongb@abc.net.au,231830.06
246.471.067-54,Augustine,Pursglove,apursglovegc@bandcamp.com,11072.94
363.839.237-57,Felice,Dadd,fdaddgd@nasa.gov,130130.99
129.505.917-75,Cosetta,Glanert,cglanertge@google.com,377545.34
075.927.433-50,Ogdan,Lightowlers,olightowlersgf@patch.com,445414.23
576.734.096-15,Dierdre,Earles,dearlesgg@stumbleupon.com,251221.34
250.807.055-32,Barbra,Duffield,bduffieldgh@usda.gov,142654.81
583.089.789-93,Odie,Kings,okingsgi@quantcast.com,475352.7
078.554.326-93,Lindsay,Silberschatz,lsilberschatzgj@eepurl.com,226566.73
790.517.459-95,Wash,Witling,wwitlinggk@sciencedirect.com,14702.17
768.602.174-05,Franklin,Patley,fpatleygl@naver.com,142941.51
326.085.053-21,Noelle,Di Biasio,ndibiasiogm@census.gov,178424.14
337.797.710-90,Arnold,Applewhite,aapplewhitegn@ask.com,372952.49
401.692.254-18,Avis,Terram,aterramgo@rambler.ru,479470.0
143.880.593-71,Maighdiln,Halhead,mhalheadgp@samsung.com,476165.08
258.719.555-08,Melicent,Kampshell,mkampshellgq@mashable.com,331200.58
002.562.419-44,Hildagarde,Parsall,hparsallgr@slate.com,421822.76
582.007.642-25,Corene,Sheryne,csherynegs@is.gd,425931.43
937.700.604-58,Joana,Pouton,jpoutongt@ucla.edu,74372.13
981.346.261-87,Gallagher,Bernat,gbernatgu@tuttocitta.it,371564.86
899.573.593-23,Fae,Daglish,fdaglishgv@myspace.com,58521.84
524.680.397-46,Carce,Bootherstone,cbootherstonegw@cornell.edu,256306.67
962.562.541-22,Jamie,Fieldgate,jfieldgategx@myspace.com,66825.66
989.296.730-02,Pepe,Warham,pwarhamgy@soup.io,313346.67
599.934.133-66,Way,Perett,wperettgz@google.de,474363.32
940.649.138-48,Lyndell,Chominski,lchominskih0@imgur.com,32681.39
762.580.853-91,Korney,McIndrew,kmcindrewh1@toplist.cz,312639.0
017.979.871-78,Aliza,Lampard,alampardh2@yellowpages.com,230276.32
602.391.456-24,Marcus,Klaes,mklaesh3@ucoz.com,127811.62
055.077.152-05,Cinda,Eakle,ceakleh4@opensource.org,481582.97
362.807.436-88,Vale,Fatkin,vfatkinh5@google.com,208431.77
123.849.691-82,Rosie,de Glanville,rdeglanvilleh6@va.gov,364438.11
339.288.635-03,Charmine,Creany,ccreanyh7@spotify.com,52510.61
464.472.887-36,Bettine,Rosser,brosserh8@stanford.edu,163911.93
053.845.066-81,Odelia,Wicher,owicherh9@prweb.com,495999.5
055.079.663-14,Harley,Fergie,hfergieha@youku.com,386831.4
149.905.626-03,Bartlet,Cremen,bcremenhb@yelp.com,50607.53
435.813.933-78,Susy,Ferris,sferrishc@google.pl,275488.42
405.136.867-48,Coriss,Kubczak,ckubczakhd@ucoz.ru,129425.48
161.521.510-65,Fidole,Rickeard,frickeardhe@ucoz.ru,474166.83
221.188.340-14,Stirling,Pawlicki,spawlickihf@cocolog-nifty.com,149719.37
410.182.467-45,Alex,Mallinar,amallinarhg@skyrock.com,188075.97
881.458.592-49,Victoria,Robertshaw,vrobertshawhh@disqus.com,46554.45
018.828.532-36,Nikolas,Thomazin,nthomazinhi@bloomberg.com,327381.59
667.581.428-43,Allie,Cornehl,acornehlhj@nhs.uk,472071.99
302.056.249-85,Lauryn,Job,ljobhk@friendfeed.com,451794.37
388.430.105-77,Arri,Dingle,adinglehl@dyndns.org,197633.97
351.027.600-56,Lynette,Hrinchenko,lhrinchenkohm@opensource.org,125411.64
247.383.946-95,Ransell,Billson,rbillsonhn@yandex.ru,27947.39
926.726.469-35,Tabbie,Stovell,tstovellho@arstechnica.com,86750.15
503.506.648-21,Saree,Rodden,sroddenhp@hibu.com,471169.04
451.694.952-39,Dorris,Walduck,dwalduckhq@so-net.ne.jp,253143.27
983.465.409-75,Idell,Mustchin,imustchinhr@tinyurl.com,275580.33
747.758.495-28,Jori,Arnecke,jarneckehs@netlog.com,253006.7
060.884.192-11,Madge,Netherwood,mnetherwoodht@phoca.cz,374278.91
218.435.824-25,Noe,Trunchion,ntrunchionhu@posterous.com,188695.62
178.642.147-89,Alidia,Blowing,ablowinghv@jalbum.net,162581.42
732.473.760-10,Pru,MacLoughlin,pmacloughlinhw@go.com,44255.89
920.225.672-52,Malva,Skellion,mskellionhx@ifeng.com,456273.91
579.300.831-85,Pepi,Heinicke,pheinickehy@etsy.com,140673.02
091.421.223-79,Herminia,Worling,hworlinghz@lycos.com,86692.92
308.687.836-09,Lani,Farragher,lfarragheri0@ucoz.ru,447195.1
020.550.023-49,Norine,Ellesworth,nellesworthi1@timesonline.co.uk,185284.24
836.355.709-70,Bertrand,McKag,bmckagi2@auda.org.au,225594.8
386.411.492-66,Doloritas,Gwyllt,dgwyllti3@blinklist.com,495591.46
066.384.958-59,Pascale,Pesik,ppesiki4@qq.com,75618.81
293.869.846-50,Stefan,Rowswell,srowswelli5@alexa.com,463478.98
111.850.017-08,Rozelle,Pledge,rpledgei6@sfgate.com,358876.84
476.395.103-75,Cicely,Racher,cracheri7@wordpress.org,484487.86
257.416.195-62,Dilly,Fernandes,dfernandesi8@typepad.com,12391.76
517.409.232-40,Katuscha,Ballay,kballayi9@histats.com,458203.92
745.242.992-24,Broderic,McGivena,bmcgivenaia@unblog.fr,251406.4
767.654.930-55,Reyna,Rochford,rrochfordib@google.es,484230.25
642.645.197-59,Janey,Lorens,jlorensic@theatlantic.com,56988.61
581.690.585-69,Cissy,Eliet,celietid@reuters.com,448931.25
812.920.064-77,Tami,Padly,tpadlyfg@desdev.cn,147027.27
243.869.639-62,Felipa,Hallford,fhallfordfh@bravesites.com,264755.22
912.228.602-03,Carmel,Fardoe,cfardoefi@statcounter.com,341882.17
200.764.320-79,Nicoline,Kennham,nkennhamfj@businesswire.com,99415.42
743.003.607-94,Nico,Churchouse,nchurchousefk@paginegialle.it,409629.51
776.032.949-93,Reade,Fransman,rfransmanfl@reverbnation.com,173383.98
698.694.396-94,Claresta,Pollicott,cpollicottfm@domainmarket.com,211996.0
784.941.323-88,Shurlock,Slopier,sslopierfn@bloglovin.com,251854.4
844.138.596-44,Kailey,Sambell,ksambellfo@liveinternet.ru,319871.93
670.729.706-62,Reeta,Pideon,rpideonfp@eventbrite.com,310018.2
150.349.119-83,Saunderson,Mallison,smallisonfq@amazonaws.com,27261.57
846.776.680-82,Antonie,Guilloud,aguilloudfr@youku.com,41733.39
060.316.320-08,Sherry,Westpfel,swestpfelie@photobucket.com,136937.4
454.782.051-00,Devonna,Bishop,dbishopif@foxnews.com,243293.3
320.212.366-94,Shannen,Donaldson,sdonaldsonig@businessinsider.com,393269.62
949.183.235-03,Rufus,Gerretsen,rgerretsenih@loc.gov,326343.38
856.493.344-57,Beau,Crosston,bcrosstonii@canalblog.com,461071.43
209.065.215-33,Grant,Bullan,gbullanij@gov.uk,446870.61
433.807.391-31,Barrie,Ashford,bashfordik@netvibes.com,455601.04
956.847.009-40,Janina,Catton,jcattonil@state.tx.us,464560.81
125.561.781-21,Clemens,Gallager,cgallagerim@theguardian.com,97676.97
962.998.670-18,Jan,O'Lochan,jolochanin@homestead.com,369345.39
499.378.491-40,Paddy,Lascelles,plascellesio@army.mil,24565.14
108.193.406-29,Kevyn,Eakle,keakleip@prlog.org,460543.67
590.880.404-55,Joela,Dealy,jdealyiq@pbs.org,410640.76
028.318.513-91,Ara,Jankovic,ajankovicir@usa.gov,447115.89
903.322.671-11,Frank,Swaile,fswaileis@chronoengine.com,171399.9
623.385.510-43,Shannah,Corck,scorckit@miitbeian.gov.cn,451661.59
664.685.480-84,Rouvin,Philipsohn,rphilipsohniu@is.gd,412893.74
576.277.792-97,Myrlene,Bielfelt,mbielfeltiv@java.com,258812.74
762.808.354-53,Grove,Cyster,gcysteriw@alexa.com,331900.84
477.529.184-68,Berkley,Leamy,bleamyix@meetup.com,220828.22
311.834.422-53,Star,Blinckhorne,sblinckhorneiy@jigsy.com,447867.61
109.342.464-89,Zena,McCritichie,zmccritichieiz@businessinsider.com,446078.22
500.636.110-03,Teador,Novis,tnovisj0@naver.com,399167.39
096.277.870-14,Lee,Shipp,lshippj1@over-blog.com,359559.06
657.742.923-31,Adara,Nisen,anisenj2@google.com,199811.0
330.646.051-09,Ardelis,Spofford,aspoffordj3@unesco.org,389443.63
735.868.805-45,Flossy,Beviss,fbevissj4@fema.gov,445016.8
392.207.793-95,Colette,Hamshaw,chamshawj5@shop-pro.jp,471325.06
404.229.107-59,Gauthier,Shevill,gshevillj6@google.de,257426.24
057.722.758-50,Lester,Bogeys,lbogeysj7@friendfeed.com,214350.21
648.665.802-84,Susi,Cord,scordj8@deviantart.com,59006.94
461.621.682-74,Charis,Harford,charfordj9@reference.com,366400.17
908.318.178-60,Fanechka,Ayllett,fayllettja@a8.net,352274.6
414.457.929-50,Valina,Broom,vbroomjb@nih.gov,201093.26
680.935.479-85,Alfreda,Cane,acanejc@mapquest.com,346664.11
877.133.461-26,Alphonse,Meddemmen,ameddemmenjd@ovh.net,131414.85
678.395.049-26,Fairfax,Kehri,fkehrije@alibaba.com,30256.83
291.801.317-27,Maire,Wille,mwillejf@noaa.gov,97185.67
408.499.591-42,Davin,Jalland,djallandjg@shareasale.com,53401.36
949.306.071-51,Frans,Greenalf,fgreenalfjh@dion.ne.jp,301790.64
364.683.885-21,Mozes,Dart,mdartji@freewebs.com,189970.98
750.605.940-78,Miner,Kelleway,mkellewayjj@studiopress.com,351683.87
532.906.761-44,Leonhard,Giblin,lgiblinjk@youku.com,155561.42
857.887.955-21,Jessamine,Elson,jelsonjl@tmall.com,62828.47
267.427.130-17,Neill,Barrowclough,nbarrowcloughjm@com.com,297166.15
452.022.590-27,Wileen,Pattisson,wpattissonjn@comsenz.com,476199.25
810.922.572-06,Luce,Jinkin,ljinkinjo@moonfruit.com,239564.22
237.010.292-34,Isabelita,Braybrookes,ibraybrookesjp@stumbleupon.com,447006.02
242.475.185-94,Carney,Shiel,cshieljq@harvard.edu,422186.17
121.080.249-68,Rutter,Fabbro,rfabbrojr@nationalgeographic.com,413924.78
449.246.914-52,Charles,Gooderick,cgooderickjs@dropbox.com,13509.43
042.113.505-44,Mickie,Haile,mhailejt@utexas.edu,430078.55
756.596.008-62,Jazmin,Tremain,jtremainju@github.io,269212.5
922.760.496-41,Chester,Coyish,ccoyishjv@hud.gov,70963.42
282.072.803-45,Gabe,Leonida,gleonidajw@umich.edu,277592.22
666.947.261-06,Christin,McInteer,cmcinteerjx@com.com,252641.99
736.617.354-15,Rheta,Bapty,rbaptyjy@mit.edu,486086.58
342.968.403-30,Gauthier,Brundall,gbrundalljz@github.io,383416.38
279.660.625-70,Ingrim,Birkbeck,ibirkbeckk0@redcross.org,42185.71
021.527.100-89,Verena,Roots,vrootsk1@nymag.com,470281.63
835.658.304-04,Sarajane,Gitthouse,sgitthousek2@ca.gov,293620.95
101.850.275-20,Carlo,Fillery,cfilleryk3@myspace.com,175649.8
062.661.780-26,Genna,Barwis,gbarwisk4@reddit.com,471291.31
038.177.362-15,Elisha,Madden,emaddenk5@boston.com,56099.8
546.366.064-42,Christopher,Gandrich,cgandrichk6@examiner.com,240230.58
717.833.325-00,Leodora,Bauld,lbauldk7@desdev.cn,261986.48
246.057.258-73,Brodie,Acom,bacomk8@intel.com,279882.3
492.689.798-74,Sonny,Kiddie,skiddiek9@networkadvertising.org,273766.55
637.613.579-53,Filmer,Stallard,fstallardka@github.io,365955.0
533.107.591-37,Fidelia,Nassie,fnassiekb@acquirethisname.com,426471.6
995.967.996-87,Nathanael,Hember,nhemberkc@ox.ac.uk,94659.82
388.857.897-69,Lefty,Jenteau,ljenteaukd@quantcast.com,181689.4
457.480.068-87,Alexis,Carvilla,acarvillake@columbia.edu,441673.92
055.136.881-76,Dario,Vigours,dvigourskf@nydailynews.com,239348.1
958.741.903-91,Perren,Annott,pannottkg@e-recht24.de,53600.76
941.829.753-24,Baxy,Shafe,bshafekh@va.gov,243126.37
753.532.104-12,Carmelle,Eggins,cegginski@bbc.co.uk,378420.44
607.169.613-38,Lannie,Mudd,lmuddkj@dmoz.org,254482.7
984.388.713-86,Windham,Demeter,wdemeterkk@sakura.ne.jp,280877.97
668.564.842-29,Leanna,Boddis,lboddiskl@php.net,75144.62
683.820.921-53,Robinson,Barnet,rbarnetkm@aboutads.info,38376.06
910.701.485-56,Clyve,Skett,cskettkn@china.com.cn,89664.07
084.474.710-66,Dru,Vennard,dvennardko@delicious.com,436255.67
506.796.634-54,Vanda,Pincott,vpincottkp@zimbio.com,463406.77
319.017.640-00,Mead,Byres,mbyreskq@tuttocitta.it,262961.64
837.000.289-99,Anabel,Hazzard,ahazzardkr@who.int,291816.5
086.260.700-91,Theo,Sapp,tsappks@loc.gov,461539.92
058.084.247-67,Pamelina,Krolman,pkrolmankt@chronoengine.com,207377.61
032.161.076-13,Christie,Ireland,cirelandku@nyu.edu,110272.84
240.348.765-68,Leonhard,Tollmache,ltollmachekv@ibm.com,99409.12
854.935.579-48,Douglass,Sparkwell,dsparkwellkw@paginegialle.it,464565.1
873.861.213-20,Sella,Kellen,skellenkx@salon.com,88086.07
778.252.994-47,Tirrell,Gisbye,tgisbyeky@vkontakte.ru,208299.69
353.798.412-28,Manuel,Don,mdonkz@domainmarket.com,466976.17
054.728.801-69,Durante,Withey,dwitheyl0@elpais.com,398468.28
942.628.366-38,Franklin,Dorre,fdorrel1@blogs.com,159231.76
087.352.206-13,Stearn,Verheyden,sverheydenl2@usatoday.com,50280.94
213.573.634-62,Blake,Annwyl,bannwyll3@marketwatch.com,221392.15
832.371.904-70,Angelique,Connerly,aconnerlyl4@bing.com,455870.91
140.077.815-99,Jeremiah,Stitfall,jstitfalll5@list-manage.com,150671.22
592.259.062-05,Adah,MacKeeg,amackeegl6@sfgate.com,184878.6
265.040.579-80,Vanya,Barmadier,vbarmadierl7@google.com,252880.67
281.477.097-06,Bryn,Rupp,bruppl8@netscape.com,457967.07
445.920.085-99,Byrann,Dudmesh,bdudmeshl9@w3.org,262298.63
411.716.016-00,Brier,Bowmaker,bbowmakerla@surveymonkey.com,29442.94
916.959.760-35,Kaylil,Brosel,kbrosellb@ovh.net,121070.3
780.127.322-22,Tobie,Kenington,tkeningtonlc@webs.com,429132.8
555.194.540-74,Adele,MacCorkell,amaccorkellld@reverbnation.com,315024.96
696.056.867-23,Artemas,Lorenzetto,alorenzettole@gnu.org,279525.74
652.048.206-99,Rosco,Cabane,rcabanelf@themeforest.net,419386.13
611.781.799-30,Evaleen,Powles,epowleslg@cbslocal.com,310364.17
607.811.661-58,Chico,Spink,cspinklh@devhub.com,88341.62
449.073.163-53,Janice,Speenden,jspeendenli@myspace.com,287736.5
499.529.279-44,Dannie,Guilaem,dguilaemlj@i2i.jp,29434.31
193.772.439-97,Bastien,McCloughen,bmccloughenlk@cloudflare.com,251250.22
872.578.986-75,Sam,McGenis,smcgenisll@prweb.com,262712.7
889.565.502-06,Astrid,Fairleigh,afairleighlm@skype.com,391819.17
302.890.161-65,Geralda,Gosnay,ggosnayln@latimes.com,61304.06
725.996.323-49,Lisette,Diehn,ldiehnlo@twitter.com,194817.53
114.193.728-09,Nerte,Rushmer,nrushmerlp@usda.gov,54874.83
241.228.772-88,Carolan,Lavallin,clavallinlq@1und1.de,421001.09
960.086.760-79,Jill,Haseley,jhaseleylr@ucsd.edu,386144.25
868.307.677-15,Judas,Casale,jcasalels@hud.gov,352353.5
688.447.937-79,Valene,Sirr,vsirrlt@mozilla.com,328506.39
697.958.210-67,Rem,Farman,rfarmanlu@berkeley.edu,66555.63
563.423.554-96,Shandra,Wilbore,swilborelv@dell.com,18139.55
487.380.693-09,Fredra,Hammerberg,fhammerberglw@ebay.com,460089.0
919.078.463-05,Flossie,Enrietto,fenriettolx@smugmug.com,86986.47
382.705.229-19,Willi,Palphreyman,wpalphreymanly@51.la,22165.6
688.252.360-96,Osbert,Klimashevich,oklimashevichlz@miitbeian.gov.cn,469371.38
984.036.392-31,Em,Coogan,ecooganm0@umn.edu,155119.45
760.839.061-72,Jock,Dyke,jdykem1@zimbio.com,259966.27
107.394.826-08,Cassi,Trout,ctroutm2@umn.edu,76309.56
393.560.715-50,Anna-diana,Hanington,ahaningtonm3@prnewswire.com,322774.12
813.038.686-42,Lonni,Shanahan,lshanahanm4@yellowbook.com,197277.27
113.977.201-50,Devin,Cropper,dcropperm5@nasa.gov,358216.42
758.912.749-36,Westbrook,Orange,worangem6@nsw.gov.au,153848.74
413.139.909-83,Lionel,Drury,ldrurym7@feedburner.com,47217.38
741.099.034-72,Augy,Harme,aharmem8@accuweather.com,417978.96
377.854.638-25,Guillema,Wilder,gwilderm9@ftc.gov,303138.18
413.259.628-81,Dunstan,Patillo,dpatilloma@jimdo.com,470731.19
925.076.924-29,Heinrick,Conville,hconvillemb@furl.net,373298.56
168.722.549-90,Ruthy,Archdeckne,rarchdecknemc@shutterfly.com,145044.52
056.555.905-17,Adrianne,Maraga,amaragamd@is.gd,328597.01
901.252.913-06,Conchita,Mac,cmacme@nyu.edu,469051.12
058.255.451-55,Daune,Baitson,dbaitsonmf@feedburner.com,62530.08
199.806.320-04,Ibby,Marlon,imarlonmg@4shared.com,101945.67
597.670.462-50,Edwin,Rogerot,erogerotmh@hhs.gov,307264.77
970.112.239-68,Jarrad,Este,jestemi@uol.com.br,141954.86
343.449.173-07,Olwen,Mosey,omoseymj@vinaora.com,35332.2
353.240.822-41,Eldredge,Ryde,erydemk@infoseek.co.jp,388549.64
813.376.543-13,Yevette,Esel,yeselml@delicious.com,104230.58
778.713.212-08,Mayer,Hawney,mhawneymm@comsenz.com,57632.95
464.947.996-42,Evanne,Sergent,esergentmn@odnoklassniki.ru,81329.87
531.814.725-80,Dionis,Pedwell,dpedwellmo@jiathis.com,331288.24
378.872.466-81,Catharine,Grimes,cgrimesmp@si.edu,439850.29
966.444.304-37,Lori,Kobelt,lkobeltmq@google.de,89198.31
794.868.075-67,Kirby,Merrell,kmerrellmr@usgs.gov,217581.96
877.707.850-05,Nat,Leving,nlevingms@skyrock.com,28128.93
905.706.255-58,Luise,Robard,lrobardmt@uol.com.br,79164.3
620.720.996-76,Danice,Uzielli,duziellimu@nymag.com,276540.0
513.843.761-96,Bryna,Korejs,bkorejsmv@census.gov,71430.63
294.723.312-91,Fonz,Hug,fhugmw@cafepress.com,441957.18
043.200.027-37,Monroe,Yockley,myockleymx@example.com,465881.33
213.061.288-02,Harlin,Riolfi,hriolfimy@ameblo.jp,366941.81
908.395.616-04,Nicoli,Mallett,nmallettmz@vimeo.com,217312.49
709.128.451-50,Mariquilla,Metheringham,mmetheringhamn0@nydailynews.com,120119.45
477.787.050-23,Any,Craney,acraneyn1@weibo.com,485337.41
591.224.596-05,Davy,Seller,dsellern2@indiatimes.com,341739.09
294.507.439-76,Napoleon,Atthow,natthown3@mozilla.org,30471.18
581.963.650-31,Cleo,Snoden,csnodenn4@com.com,220745.37
253.251.074-59,Libby,Wimsett,lwimsettn5@japanpost.jp,441023.92
341.346.766-53,Tommy,Fassman,tfassmann6@noaa.gov,372860.82
196.506.206-07,Brenden,Bloodworthe,bbloodworthen7@godaddy.com,104095.42
276.248.991-66,Tedra,Beaty,tbeatyn8@prlog.org,92413.08
173.732.717-11,Paulina,Heifer,pheifern9@indiegogo.com,392904.07
900.962.402-81,Wilt,Schruur,wschruurna@mit.edu,11205.39
537.822.645-14,Tamma,Sandys,tsandysnb@hexun.com,142765.45
729.733.334-37,Georgie,Glidder,ggliddernc@redcross.org,58141.72
435.588.260-53,Jessamyn,Oluwatoyin,joluwatoyinnd@sogou.com,166419.85
779.605.661-42,Grange,Bernon,gbernonne@photobucket.com,366658.0
727.486.022-17,Rorie,Freeth,rfreethnf@dion.ne.jp,426272.19
477.051.047-03,Randall,Zanettini,rzanettining@people.com.cn,205503.68
229.201.732-16,Tobin,Aberkirdo,taberkirdonh@mozilla.org,168592.55
549.694.998-54,Debora,Wingrove,dwingroveni@microsoft.com,64405.62
158.878.258-88,Lexi,Archdeacon,larchdeaconnj@51.la,306724.76
279.021.768-53,Kira,Coleiro,kcoleironk@unesco.org,404719.01
342.493.893-86,Ring,Novichenko,rnovichenkonl@blogtalkradio.com,162513.52
386.858.264-85,Cassy,Blaske,cblaskenm@toplist.cz,463321.2
869.962.176-42,Russ,Ainsley,rainsleynn@utexas.edu,270452.22
742.025.528-71,Andris,Powrie,apowrieno@gmpg.org,466886.97
946.824.293-39,Jessy,Janiak,jjaniaknp@mtv.com,159030.24
072.464.881-11,Merline,Weald,mwealdnq@plala.or.jp,3309.21
799.890.544-00,Joy,Asplin,jasplinnr@bing.com,383335.84
436.884.070-85,Parsifal,Gimenez,pgimenezns@exblog.jp,365219.93
874.331.389-96,Berk,Rizzello,brizzellont@facebook.com,241241.24
164.903.941-94,Dian,Kingswell,dkingswellnu@nydailynews.com,213530.69
808.877.321-12,Vivianne,Jarad,vjaradnv@google.cn,158032.97
954.773.370-30,Mannie,O'Shiel,moshielnw@examiner.com,138202.82
150.480.620-74,Cornie,Eschelle,ceschellenx@hubpages.com,420842.64
545.886.295-46,Robers,Rudsdell,rrudsdellny@pinterest.com,250871.57
103.298.301-43,Gleda,McTrustrie,gmctrustrienz@parallels.com,484180.52
969.273.932-25,Rasia,Shearstone,rshearstoneo0@drupal.org,43095.83
395.318.797-25,Sandro,Fortin,sfortino1@hao123.com,155041.35
547.762.169-12,Dannie,Oliff,doliffo2@dell.com,161375.0
637.968.764-12,Beatrix,Cheake,bcheakeo3@yolasite.com,321534.97
989.745.785-39,Lynea,Parsell,lparsello4@i2i.jp,494720.5
886.974.026-40,Fritz,Covell,fcovello5@toplist.cz,412009.31
293.003.023-00,Pamella,Goode,pgoodeo6@msn.com,375264.49
705.057.575-16,Joseito,Aleksahkin,jaleksahkino7@arstechnica.com,319163.79
160.280.478-21,Marie,Hirthe,mhirtheo8@tumblr.com,189525.0
633.529.123-44,Lavinie,Doughartie,ldoughartieo9@bravesites.com,115207.78
276.710.843-25,Billi,Diemer,bdiemeroa@slate.com,128944.29
726.795.085-89,Barbie,Ruseworth,bruseworthob@ed.gov,256616.85
386.203.595-83,Ilyssa,Copsey,icopseyoc@springer.com,190883.5
743.655.758-82,Angelico,Wickliffe,awickliffeod@addtoany.com,339179.35
931.591.460-22,Kristofor,Myhill,kmyhilloe@google.fr,485441.2
312.741.655-13,Ayn,Vlasyuk,avlasyukof@printfriendly.com,275572.68
798.625.929-42,Rhodia,Gilli,rgilliog@xrea.com,209977.52
956.018.460-16,Norrie,Willetts,nwillettsoh@pen.io,321210.55
799.368.565-60,Marice,Pietsma,mpietsmaoi@comcast.net,257738.16
418.559.250-48,Marna,Claridge,mclaridgeoj@ucsd.edu,448248.97
527.489.604-51,Christye,Scholes,cscholesok@wikimedia.org,327180.48
898.568.846-27,Lew,Trowsdale,ltrowsdaleol@dropbox.com,145974.34
712.728.669-91,Adore,Breawood,abreawoodom@zdnet.com,476491.88
579.758.088-23,Coop,Florez,cflorezon@wiley.com,168925.55
149.778.644-17,Kay,Dunican,kdunicanoo@networkadvertising.org,155228.88
994.279.758-24,Joella,Lickorish,jlickorishop@nymag.com,434811.77
157.253.336-93,Isabel,Riccardini,iriccardinioq@studiopress.com,374562.21
847.874.314-58,Murry,Goburn,mgoburnor@tiny.cc,397168.04
429.799.392-32,Ilsa,Endricci,iendriccios@mozilla.com,351674.61
067.461.434-23,Rodi,Heild,rheildot@google.ru,269155.67
475.324.166-56,Felicle,Acomb,facombou@prweb.com,457936.83
529.950.192-38,Karolina,Gowdy,kgowdyov@shop-pro.jp,475188.76
451.315.536-13,Consolata,Pykett,cpykettow@bravesites.com,472547.91
773.803.682-83,Harlie,Railton,hrailtonox@toplist.cz,76229.56
403.626.868-18,Georges,Forman,gformanoy@wikispaces.com,257984.44
898.942.861-08,Sybil,Tzuker,stzukeroz@psu.edu,491119.36
175.155.787-36,Skylar,Ghost,sghostp0@wordpress.com,287800.19
479.612.709-94,Schuyler,Walters,swaltersp1@ucoz.ru,348422.25
850.884.281-80,Desirae,Creddon,dcreddonp2@webs.com,14437.68
123.043.713-69,Ingunna,Bossingham,ibossinghamp3@posterous.com,340364.0
046.570.382-50,Demetria,Crimes,dcrimesp4@quantcast.com,31330.36
513.727.302-09,Hanson,Caulier,hcaulierp5@biblegateway.com,53538.92
706.950.050-86,Haydon,Dunston,hdunstonp6@adobe.com,349426.91
461.402.434-88,Tadeo,Escudier,tescudierp7@hexun.com,132653.52
520.339.655-09,Wait,Linskill,wlinskillp8@msu.edu,16542.74
324.693.362-44,Faustine,Navarijo,fnavarijop9@desdev.cn,202799.07
379.026.173-24,Estell,Hadleigh,ehadleighpa@histats.com,25635.12
211.192.676-42,Jannelle,Ditt,jdittpb@xrea.com,336865.65
736.687.216-20,Geneva,Kuhne,gkuhnepc@rediff.com,285442.45
118.039.267-28,Matty,Flattman,mflattmanpd@pcworld.com,59021.09
266.086.631-57,Carlotta,Lampart,clampartpe@nps.gov,122869.18
625.354.624-17,Perren,Kasher,pkasherpf@vk.com,467123.44
965.326.589-20,Roseanna,Kubecka,rkubeckapg@1688.com,449958.91
597.805.665-30,Isobel,Gibbieson,igibbiesonph@4shared.com,437879.63
534.495.734-51,Kaela,Graber,kgraberpi@washingtonpost.com,338610.11
523.211.765-98,Ardyce,Costellow,acostellowpj@comcast.net,496333.35
997.798.167-03,Tyne,Francescotti,tfrancescottipk@163.com,440655.38
171.144.799-46,Boigie,Verni,bvernipl@earthlink.net,140306.52
499.726.383-05,Phebe,Girodias,pgirodiaspm@free.fr,449455.05
075.524.835-37,Lauren,Castri,lcastripn@bing.com,288397.46
950.413.921-70,Margaretha,Cousans,mcousanspo@topsy.com,413759.77
810.097.588-62,Constanta,Dufaur,cdufaurpp@purevolume.com,431810.9
608.414.585-81,Georges,Coalburn,gcoalburnpq@google.co.jp,440075.73
703.473.816-26,Christoffer,Tytherton,ctythertonpr@huffingtonpost.com,421406.48
535.463.169-39,Barbara-anne,Rollinson,brollinsonps@census.gov,484574.86
551.603.913-46,Codi,Fogarty,cfogartypt@huffingtonpost.com,356131.43
700.744.184-03,Sile,Bradfield,sbradfieldpu@skype.com,187701.36
418.116.498-13,Moss,Whylie,mwhyliepv@amazonaws.com,382322.84
776.488.886-05,Georgeta,Aitkenhead,gaitkenheadpw@sbwire.com,179949.17
503.608.864-62,Traci,Scibsey,tscibseypx@google.fr,57738.56
465.433.028-29,Findlay,Gabbatt,fgabbattpy@google.fr,88463.63
345.660.066-04,Ryon,Giriardelli,rgiriardellipz@boston.com,6565.37
350.573.564-93,Luz,Strotone,lstrotoneq0@ameblo.jp,274644.94
044.057.034-30,Francklyn,Ronchi,fronchiq1@google.co.uk,69183.13
697.001.851-06,Daryn,Sallnow,dsallnowq2@nasa.gov,212163.48
198.598.113-16,Willey,Felix,wfelixq3@fema.gov,108879.1
231.797.974-90,Chantal,Sulter,csulterq4@ibm.com,248795.27
376.336.902-74,Luigi,Gherardi,lgherardiq5@marriott.com,47123.05
383.212.137-49,Dionisio,Maes,dmaesq6@google.cn,174895.61
539.385.037-93,Jordain,Lochhead,jlochheadq7@stanford.edu,467293.35
672.032.211-86,Agnese,Nobriga,anobrigaq8@reuters.com,198569.69
839.310.080-66,Marijo,Turbill,mturbillq9@ifeng.com,141214.22
413.115.694-55,Kellyann,Le Grice,klegriceqa@youtube.com,318220.49
703.201.314-39,Linnet,Oiller,loillerqb@smh.com.au,482766.64
746.278.624-49,Gunilla,Moyler,gmoylerqc@google.com.au,138823.51
386.537.642-29,Abran,Call,acallqd@privacy.gov.au,167918.58
428.758.224-25,Chlo,Witton,cwittonqe@bbb.org,314582.47
773.816.228-62,Delainey,Duxbury,dduxburyqf@cdc.gov,29196.93
030.249.632-28,Mommy,Petasch,mpetaschqg@sitemeter.com,288209.57
014.863.821-44,Pincus,Giffon,pgiffonqh@craigslist.org,65828.98
427.578.596-45,Sholom,Broxup,sbroxupqi@tumblr.com,242097.6
612.155.995-82,Belinda,Peschet,bpeschetqj@vistaprint.com,396642.24
458.338.410-38,Micky,Tunnadine,mtunnadineqk@jimdo.com,30640.14
261.679.521-24,Pren,Baillie,pbaillieql@acquirethisname.com,436201.34
412.883.790-11,Harcourt,Abramovicz,habramoviczqm@artisteer.com,2227.2
272.031.120-20,Anni,Hansana,ahansanaqn@yahoo.co.jp,218035.79
414.132.486-69,Hasheem,Crevy,hcrevyqo@163.com,391056.33
395.187.517-41,Lilian,Hughland,lhughlandqp@home.pl,130972.25
477.976.658-46,Tatiania,Elias,teliasqq@51.la,238293.38
145.356.853-59,Tani,Cookes,tcookesqr@vkontakte.ru,64079.23
364.578.678-47,Jamey,Aldwick,jaldwickqs@furl.net,192728.14
596.741.490-84,Caterina,Follin,cfollinqt@sohu.com,284113.64
855.274.797-27,Stavros,Gallaher,sgallaherqu@sohu.com,489180.88
961.171.906-55,Upton,Sexcey,usexceyqv@goo.gl,399947.35
115.553.011-84,Auroora,Rontree,arontreeqw@noaa.gov,131613.3
253.681.517-66,Brina,Louder,blouderqx@sfgate.com,34510.24
727.100.139-05,Barron,Lutman,blutmanqy@youtube.com,217262.0
801.050.947-36,Riley,Raise,rraiseqz@phoca.cz,207504.24
968.118.195-07,Ranice,Northway,rnorthwayr0@ovh.net,368352.83
068.538.253-87,Marylee,Hinchshaw,mhinchshawr1@desdev.cn,470318.52
257.141.211-96,Tara,Bartles,tbartlesr2@ed.gov,448930.28
382.054.432-13,Conny,Harby,charbyr3@facebook.com,446556.73
932.459.731-15,Harriett,Aronson,haronsonr4@wikimedia.org,191406.0
795.428.703-62,Andy,Whatham,awhathamr5@home.pl,325099.95
789.975.796-96,Joscelin,Underwood,junderwoodr6@vkontakte.ru,445814.55
489.724.609-67,Bink,Munby,bmunbyr7@hostgator.com,44584.71
413.378.437-82,Jordan,McChesney,jmcchesneyr8@auda.org.au,173792.16
072.017.765-37,Thomasin,Bertolaccini,tbertolaccinir9@reverbnation.com,355384.71
029.072.871-29,Sarette,Lowers,slowersra@w3.org,280371.28
781.113.093-37,Keslie,Dockrill,kdockrillrb@homestead.com,442852.87
071.586.196-81,Nerty,McGurk,nmcgurkrc@deviantart.com,145407.97
474.330.512-21,Danya,Fairlie,dfairlierd@friendfeed.com,185926.82
024.514.218-88,Audrye,Scading,ascadingre@adobe.com,231823.97
584.980.887-69,Max,Dungay,mdungayrf@cmu.edu,147110.75
428.691.461-64,Olav,Late,olaterg@quantcast.com,162253.12
919.715.965-01,Marv,Halbert,mhalbertrh@nhs.uk,331945.28
653.515.664-74,Jordain,Davidzon,jdavidzonri@histats.com,234883.97
262.987.627-05,Fernanda,Warsop,fwarsoprj@blinklist.com,12785.53
694.390.336-38,Granger,Nieass,gnieassrk@arstechnica.com,121180.72
494.949.465-46,Arron,Boys,aboysrl@gravatar.com,200439.38
695.538.075-73,Dawn,Thwaite,dthwaiterm@i2i.jp,309450.94
610.117.996-52,Kaylee,Decreuze,kdecreuzern@surveymonkey.com,255453.73
898.261.997-24,Alfie,Dullaghan,adullaghanro@harvard.edu,174717.09
142.385.719-02,Yoko,Barus,ybarusrp@va.gov,81596.18
678.154.700-52,Verine,Kiddle,vkiddlerq@craigslist.org,120838.59
846.294.195-02,Elijah,Adelman,eadelmanrr@google.it,75430.54
